"date","QUANTITY"
2010-01-01,0
2010-01-02,49
2010-01-03,31
2010-01-04,14
2010-01-05,18
2010-01-06,22
2010-01-07,11
2010-01-08,4
2010-01-09,22
2010-01-10,36
2010-01-11,22
2010-01-12,33
2010-01-13,15
2010-01-14,12
2010-01-15,1
2010-01-16,22
2010-01-17,23
2010-01-18,10
2010-01-19,14
2010-01-20,24
2010-01-21,16
2010-01-22,7
2010-01-23,17
2010-01-24,35
2010-01-25,13
2010-01-26,23
2010-01-27,12
2010-01-28,1
2010-01-29,2
2010-01-30,28
2010-01-31,33
2010-02-01,13
2010-02-02,26
2010-02-03,6
2010-02-04,14
2010-02-05,0
2010-02-06,21
2010-02-07,56
2010-02-08,5
2010-02-09,17
2010-02-10,10
2010-02-11,6
2010-02-12,4
2010-02-13,40
2010-02-14,29
2010-02-15,11
2010-02-16,12
2010-02-17,25
2010-02-18,17
2010-02-19,4
2010-02-20,62
2010-02-21,39
2010-02-22,12
2010-02-23,14
2010-02-24,9
2010-02-25,16
2010-02-26,2
2010-02-27,60
2010-02-28,42
2010-03-01,9
2010-03-02,19
2010-03-03,18
2010-03-04,19
2010-03-05,2
2010-03-06,45
2010-03-07,35
2010-03-08,18
2010-03-09,27
2010-03-10,15
2010-03-11,25
2010-03-12,2
2010-03-13,30
2010-03-14,32
2010-03-15,28
2010-03-16,66
2010-03-17,42
2010-03-18,51
2010-03-19,2
2010-03-20,64
2010-03-21,21
2010-03-22,22
2010-03-23,25
2010-03-24,20
2010-03-25,30
2010-03-26,4
2010-03-27,81
2010-03-28,56
2010-03-29,24
2010-03-30,29
2010-03-31,18
2010-04-01,20
2010-04-02,3
2010-04-03,34
2010-04-04,0
2010-04-05,25
2010-04-06,42
2010-04-07,36
2010-04-08,25
2010-04-09,3
2010-04-10,77
2010-04-11,36
2010-04-12,52
2010-04-13,39
2010-04-14,55
2010-04-15,38
2010-04-16,4
2010-04-17,67
2010-04-18,29
2010-04-19,35
2010-04-20,46
2010-04-21,39
2010-04-22,22
2010-04-23,2
2010-04-24,43
2010-04-25,41
2010-04-26,4
2010-04-27,26
2010-04-28,1
2010-04-29,38
2010-04-30,3
2010-05-01,77
2010-05-02,10
2010-05-03,20
2010-05-04,37
2010-05-05,38
2010-05-06,39
2010-05-07,5
2010-05-08,43
2010-05-09,25
2010-05-10,32
2010-05-11,5
2010-05-12,44
2010-05-13,37
2010-05-14,5
2010-05-15,60
2010-05-16,45
2010-05-17,64
2010-05-18,51
2010-05-19,53
2010-05-20,27
2010-05-21,5
2010-05-22,148
2010-05-23,36
2010-05-24,58
2010-05-25,48
2010-05-26,72
2010-05-27,6
2010-05-28,6
2010-05-29,147
2010-05-30,71
2010-05-31,198
2010-06-01,217
2010-06-02,203
2010-06-03,187
2010-06-04,154
2010-06-05,240
2010-06-06,72
2010-06-07,212
2010-06-08,256
2010-06-09,223
2010-06-10,72
2010-06-11,198
2010-06-12,173
2010-06-13,55
2010-06-14,128
2010-06-15,97
2010-06-16,185
2010-06-17,130
2010-06-18,148
2010-06-19,130
2010-06-20,58
2010-06-21,166
2010-06-22,192
2010-06-23,209
2010-06-24,144
2010-06-25,153
2010-06-26,105
2010-06-27,56
2010-06-28,74
2010-06-29,202
2010-06-30,166
2010-07-01,110
2010-07-02,121
2010-07-03,129
2010-07-04,10
2010-07-05,146
2010-07-06,185
2010-07-07,0
2010-07-08,133
2010-07-09,138
2010-07-10,88
2010-07-11,33
2010-07-12,131
2010-07-13,173
2010-07-14,244
2010-07-15,212
2010-07-16,253
2010-07-17,199
2010-07-18,70
2010-07-19,239
2010-07-20,175
2010-07-21,172
2010-07-22,167
2010-07-23,148
2010-07-24,60
2010-07-25,37
2010-07-26,63
2010-07-27,145
2010-07-28,82
2010-07-29,81
2010-07-30,125
2010-07-31,83
2010-08-01,27
2010-08-02,151
2010-08-03,230
2010-08-04,147
2010-08-05,162
2010-08-06,101
2010-08-07,101
2010-08-08,39
2010-08-09,128
2010-08-10,128
2010-08-11,165
2010-08-12,122
2010-08-13,53
2010-08-14,98
2010-08-15,22
2010-08-16,39
2010-08-17,40
2010-08-18,34
2010-08-19,31
2010-08-20,10
2010-08-21,81
2010-08-22,47
2010-08-23,7
2010-08-24,28
2010-08-25,27
2010-08-26,21
2010-08-27,10
2010-08-28,40
2010-08-29,34
2010-08-30,22
2010-08-31,23
2010-09-01,19
2010-09-02,17
2010-09-03,4
2010-09-04,46
2010-09-05,32
2010-09-06,22
2010-09-07,14
2010-09-08,22
2010-09-09,20
2010-09-10,3
2010-09-11,63
2010-09-12,10
2010-09-13,16
2010-09-14,20
2010-09-15,26
2010-09-16,14
2010-09-17,4
2010-09-18,36
2010-09-19,35
2010-09-20,10
2010-09-21,30
2010-09-22,18
2010-09-23,9
2010-09-24,3
2010-09-25,34
2010-09-26,19
2010-09-27,10
2010-09-28,18
2010-09-29,11
2010-09-30,22
2010-10-01,3
2010-10-02,24
2010-10-03,15
2010-10-04,13
2010-10-05,18
2010-10-06,18
2010-10-07,18
2010-10-08,2
2010-10-09,20
2010-10-10,12
2010-10-11,10
2010-10-12,31
2010-10-13,14
2010-10-14,19
2010-10-15,3
2010-10-16,16
2010-10-17,11
2010-10-18,17
2010-10-19,22
2010-10-20,12
2010-10-21,11
2010-10-22,2
2010-10-23,24
2010-10-24,14
2010-10-25,8
2010-10-26,13
2010-10-27,11
2010-10-28,7
2010-10-29,3
2010-10-30,15
2010-10-31,14
2010-11-01,6
2010-11-02,17
2010-11-03,15
2010-11-04,15
2010-11-05,3
2010-11-06,20
2010-11-07,23
2010-11-08,8
2010-11-09,9
2010-11-10,19
2010-11-11,8
2010-11-12,4
2010-11-13,10
2010-11-14,15
2010-11-15,9
2010-11-16,10
2010-11-17,9
2010-11-18,3
2010-11-19,2
2010-11-20,21
2010-11-21,16
2010-11-22,6
2010-11-23,3
2010-11-24,6
2010-11-25,0
2010-11-26,3
2010-11-27,7
2010-11-28,12
2010-11-29,8
2010-11-30,10
2010-12-01,10
2010-12-02,5
2010-12-03,2
2010-12-04,29
2010-12-05,9
2010-12-06,13
2010-12-07,15
2010-12-08,14
2010-12-09,5
2010-12-10,2
2010-12-11,20
2010-12-12,12
2010-12-13,6
2010-12-14,15
2010-12-15,6
2010-12-16,7
2010-12-17,3
2010-12-18,22
2010-12-19,15
2010-12-20,23
2010-12-21,25
2010-12-22,24
2010-12-23,16
2010-12-24,4
2010-12-25,0
2010-12-26,18
2010-12-27,16
2010-12-28,28
2010-12-29,26
2010-12-30,23
2010-12-31,8
2011-01-01,0
2011-01-02,20
2011-01-03,27
2011-01-04,30
2011-01-05,20
2011-01-06,7
2011-01-07,3
2011-01-08,51
2011-01-09,16
2011-01-10,19
2011-01-11,15
2011-01-12,11
2011-01-13,9
2011-01-14,3
2011-01-15,45
2011-01-16,16
2011-01-17,19
2011-01-18,6
2011-01-19,28
2011-01-20,23
2011-01-21,1
2011-01-22,72
2011-01-23,19
2011-01-24,31
2011-01-25,21
2011-01-26,15
2011-01-27,15
2011-01-28,4
2011-01-29,37
2011-01-30,42
2011-01-31,13
2011-02-01,0
2011-02-02,8
2011-02-03,0
2011-02-04,0
2011-02-05,10
2011-02-06,0
2011-02-07,0
2011-02-08,12
2011-02-09,15
2011-02-10,6
2011-02-11,5
2011-02-12,31
2011-02-13,15
2011-02-14,14
2011-02-15,8
2011-02-16,35
2011-02-17,18
2011-02-18,6
2011-02-19,43
2011-02-20,23
2011-02-21,14
2011-02-22,10
2011-02-23,29
2011-02-24,20
2011-02-25,4
2011-02-26,42
2011-02-27,10
2011-02-28,17
2011-03-01,18
2011-03-02,25
2011-03-03,39
2011-03-04,6
2011-03-05,40
2011-03-06,38
2011-03-07,21
2011-03-08,29
2011-03-09,30
2011-03-10,36
2011-03-11,4
2011-03-12,67
2011-03-13,24
2011-03-14,63
2011-03-15,50
2011-03-16,72
2011-03-17,67
2011-03-18,4
2011-03-19,99
2011-03-20,33
2011-03-21,47
2011-03-22,23
2011-03-23,25
2011-03-24,16
2011-03-25,4
2011-03-26,64
2011-03-27,23
2011-03-28,35
2011-03-29,16
2011-03-30,4
2011-03-31,0
2011-04-01,0
2011-04-02,0
2011-04-03,0
2011-04-04,0
2011-04-05,0
2011-04-06,0
2011-04-07,25
2011-04-08,6
2011-04-09,83
2011-04-10,18
2011-04-11,23
2011-04-12,22
2011-04-13,17
2011-04-14,21
2011-04-15,5
2011-04-16,66
2011-04-17,32
2011-04-18,42
2011-04-19,28
2011-04-20,33
2011-04-21,36
2011-04-22,5
2011-04-23,88
2011-04-24,0
2011-04-25,31
2011-04-26,24
2011-04-27,17
2011-04-28,18
2011-04-29,12
2011-04-30,86
2011-05-01,16
2011-05-02,20
2011-05-03,20
2011-05-04,56
2011-05-05,25
2011-05-06,4
2011-05-07,61
2011-05-08,31
2011-05-09,30
2011-05-10,34
2011-05-11,23
2011-05-12,1
2011-05-13,6
2011-05-14,97
2011-05-15,49
2011-05-16,43
2011-05-17,39
2011-05-18,17
2011-05-19,22
2011-05-20,96
2011-05-21,111
2011-05-22,37
2011-05-23,33
2011-05-24,51
2011-05-25,57
2011-05-26,32
2011-05-27,140
2011-05-28,131
2011-05-29,39
2011-05-30,188
2011-05-31,108
2011-06-01,210
2011-06-02,179
2011-06-03,155
2011-06-04,157
2011-06-05,63
2011-06-06,234
2011-06-07,213
2011-06-08,287
2011-06-09,185
2011-06-10,115
2011-06-11,190
2011-06-12,78
2011-06-13,222
2011-06-14,147
2011-06-15,197
2011-06-16,172
2011-06-17,159
2011-06-18,199
2011-06-19,74
2011-06-20,35
2011-06-21,251
2011-06-22,176
2011-06-23,158
2011-06-24,133
2011-06-25,116
2011-06-26,82
2011-06-27,203
2011-06-28,192
2011-06-29,180
2011-06-30,165
2011-07-01,143
2011-07-02,180
2011-07-03,81
2011-07-04,66
2011-07-05,164
2011-07-06,184
2011-07-07,204
2011-07-08,164
2011-07-09,140
2011-07-10,73
2011-07-11,140
2011-07-12,180
2011-07-13,163
2011-07-14,149
2011-07-15,111
2011-07-16,100
2011-07-17,60
2011-07-18,135
2011-07-19,152
2011-07-20,123
2011-07-21,131
2011-07-22,139
2011-07-23,135
2011-07-24,75
2011-07-25,140
2011-07-26,174
2011-07-27,144
2011-07-28,146
2011-07-29,116
2011-07-30,110
2011-07-31,83
2011-08-01,98
2011-08-02,144
2011-08-03,112
2011-08-04,140
2011-08-05,80
2011-08-06,92
2011-08-07,50
2011-08-08,146
2011-08-09,132
2011-08-10,140
2011-08-11,126
2011-08-12,121
2011-08-13,89
2011-08-14,32
2011-08-15,50
2011-08-16,43
2011-08-17,13
2011-08-18,20
2011-08-19,6
2011-08-20,71
2011-08-21,52
2011-08-22,41
2011-08-23,51
2011-08-24,11
2011-08-25,22
2011-08-26,5
2011-08-27,62
2011-08-28,46
2011-08-29,32
2011-08-30,17
2011-08-31,12
2011-09-01,12
2011-09-02,4
2011-09-03,45
2011-09-04,27
2011-09-05,26
2011-09-06,20
2011-09-07,18
2011-09-08,22
2011-09-09,5
2011-09-10,55
2011-09-11,20
2011-09-12,9
2011-09-13,21
2011-09-14,13
2011-09-15,14
2011-09-16,4
2011-09-17,32
2011-09-18,20
2011-09-19,19
2011-09-20,18
2011-09-21,11
2011-09-22,18
2011-09-23,6
2011-09-24,13
2011-09-25,19
2011-09-26,24
2011-09-27,10
2011-09-28,14
2011-09-29,18
2011-09-30,3
2011-10-01,48
2011-10-02,58
2011-10-03,13
2011-10-04,8
2011-10-05,13
2011-10-06,7
2011-10-07,5
2011-10-08,28
2011-10-09,32
2011-10-10,11
2011-10-11,15
2011-10-12,23
2011-10-13,10
2011-10-14,5
2011-10-15,22
2011-10-16,35
2011-10-17,9
2011-10-18,21
2011-10-19,12
2011-10-20,25
2011-10-21,7
2011-10-22,44
2011-10-23,39
2011-10-24,14
2011-10-25,14
2011-10-26,11
2011-10-27,10
2011-10-28,9
2011-10-29,20
2011-10-30,13
2011-10-31,5
2011-11-01,10
2011-11-02,10
2011-11-03,11
2011-11-04,4
2011-11-05,18
2011-11-06,21
2011-11-07,11
2011-11-08,7
2011-11-09,9
2011-11-10,14
2011-11-11,6
2011-11-12,24
2011-11-13,23
2011-11-14,17
2011-11-15,16
2011-11-16,14
2011-11-17,10
2011-11-18,3
2011-11-19,27
2011-11-20,36
2011-11-21,12
2011-11-22,14
2011-11-23,12
2011-11-24,0
2011-11-25,5
2011-11-26,25
2011-11-27,36
2011-11-28,29
2011-11-29,18
2011-11-30,19
2011-12-01,14
2011-12-02,5
2011-12-03,24
2011-12-04,29
2011-12-05,6
2011-12-06,13
2011-12-07,16
2011-12-08,11
2011-12-09,4
2011-12-10,43
2011-12-11,37
2011-12-12,22
2011-12-13,13
2011-12-14,8
2011-12-15,10
2011-12-16,2
2011-12-17,20
2011-12-18,43
2011-12-19,8
2011-12-20,7
2011-12-21,13
2011-12-22,4
2011-12-23,0
2011-12-24,0
2011-12-25,0
2011-12-26,19
2011-12-27,11
2011-12-28,28
2011-12-29,12
2011-12-30,34
2011-12-31,0
2012-01-01,0
2012-01-02,27
2012-01-03,12
2012-01-04,24
2012-01-05,24
2012-01-06,5
2012-01-07,48
2012-01-08,74
2012-01-09,25
2012-01-10,8
2012-01-11,13
2012-01-12,46
2012-01-13,10
2012-01-14,26
2012-01-15,64
2012-01-16,26
2012-01-17,27
2012-01-18,23
2012-01-19,21
2012-01-20,4
2012-01-21,27
2012-01-22,33
2012-01-23,19
2012-01-24,12
2012-01-25,11
2012-01-26,28
2012-01-27,6
2012-01-28,27
2012-01-29,50
2012-01-30,32
2012-01-31,24
2012-02-01,14
2012-02-02,18
2012-02-03,8
2012-02-04,31
2012-02-05,37
2012-02-06,30
2012-02-07,16
2012-02-08,21
2012-02-09,23
2012-02-10,4
2012-02-11,37
2012-02-12,31
2012-02-13,15
2012-02-14,13
2012-02-15,11
2012-02-16,12
2012-02-17,5
2012-02-18,28
2012-02-19,39
2012-02-20,24
2012-02-21,25
2012-02-22,28
2012-02-23,13
2012-02-24,6
2012-02-25,49
2012-02-26,59
2012-02-27,26
2012-02-28,28
2012-02-29,17
2012-03-01,8
2012-03-02,5
2012-03-03,42
2012-03-04,17
2012-03-05,24
2012-03-06,28
2012-03-07,32
2012-03-08,17
2012-03-09,9
2012-03-10,25
2012-03-11,65
2012-03-12,51
2012-03-13,67
2012-03-14,84
2012-03-15,87
2012-03-16,4
2012-03-17,69
2012-03-18,32
2012-03-19,29
2012-03-20,31
2012-03-21,37
2012-03-22,35
2012-03-23,6
2012-03-24,88
2012-03-25,40
2012-03-26,52
2012-03-27,42
2012-03-28,56
2012-03-29,59
2012-03-30,7
2012-03-31,119
2012-04-01,43
2012-04-02,18
2012-04-03,29
2012-04-04,31
2012-04-05,38
2012-04-06,4
2012-04-07,0
2012-04-08,0
2012-04-09,46
2012-04-10,51
2012-04-11,48
2012-04-12,34
2012-04-13,2
2012-04-14,74
2012-04-15,20
2012-04-16,36
2012-04-17,43
2012-04-18,35
2012-04-19,42
2012-04-20,6
2012-04-21,86
2012-04-22,60
2012-04-23,3
2012-04-24,48
2012-04-25,88
2012-04-26,20
2012-04-27,4
2012-04-28,64
2012-04-29,57
2012-04-30,55
2012-05-01,63
2012-05-02,27
2012-05-03,24
2012-05-04,5
2012-05-05,105
2012-05-06,193
2012-05-07,47
2012-05-08,0
2012-05-09,0
2012-05-10,0
2012-05-11,0
2012-05-12,62
2012-05-13,26
2012-05-14,22
2012-05-15,53
2012-05-16,43
2012-05-17,71
2012-05-18,4
2012-05-19,112
2012-05-20,56
2012-05-21,70
2012-05-22,57
2012-05-23,65
2012-05-24,64
2012-05-25,6
2012-05-26,127
2012-05-27,56
2012-05-28,125
2012-05-29,143
2012-05-30,163
2012-05-31,170
2012-06-01,164
2012-06-02,179
2012-06-03,73
2012-06-04,105
2012-06-05,188
2012-06-06,227
2012-06-07,184
2012-06-08,154
2012-06-09,112
2012-06-10,70
2012-06-11,157
2012-06-12,165
2012-06-13,168
2012-06-14,156
2012-06-15,120
2012-06-16,89
2012-06-17,51
2012-06-18,186
2012-06-19,170
2012-06-20,168
2012-06-21,117
2012-06-22,149
2012-06-23,104
2012-06-24,97
2012-06-25,180
2012-06-26,202
2012-06-27,197
2012-06-28,207
2012-06-29,121
2012-06-30,101
2012-07-01,61
2012-07-02,200
2012-07-03,208
2012-07-04,102
2012-07-05,84
2012-07-06,128
2012-07-07,50
2012-07-08,71
2012-07-09,85
2012-07-10,138
2012-07-11,154
2012-07-12,101
2012-07-13,114
2012-07-14,131
2012-07-15,67
2012-07-16,94
2012-07-17,140
2012-07-18,100
2012-07-19,179
2012-07-20,157
2012-07-21,113
2012-07-22,42
2012-07-23,104
2012-07-24,123
2012-07-25,129
2012-07-26,82
2012-07-27,128
2012-07-28,83
2012-07-29,50
2012-07-30,110
2012-07-31,133
2012-08-01,126
2012-08-02,109
2012-08-03,80
2012-08-04,121
2012-08-05,51
2012-08-06,144
2012-08-07,101
2012-08-08,132
2012-08-09,119
2012-08-10,74
2012-08-11,137
2012-08-12,63
2012-08-13,46
2012-08-14,31
2012-08-15,52
2012-08-16,17
2012-08-17,9
2012-08-18,91
2012-08-19,141
2012-08-20,30
2012-08-21,46
2012-08-22,27
2012-08-23,30
2012-08-24,7
2012-08-25,72
2012-08-26,109
2012-08-27,51
2012-08-28,28
2012-08-29,36
2012-08-30,28
2012-08-31,6
2012-09-01,45
2012-09-02,104
2012-09-03,49
2012-09-04,22
2012-09-05,21
2012-09-06,22
2012-09-07,7
2012-09-08,39
2012-09-09,84
2012-09-10,34
2012-09-11,33
2012-09-12,27
2012-09-13,26
2012-09-14,42
2012-09-15,48
2012-09-16,50
2012-09-17,0
2012-09-18,0
2012-09-19,0
2012-09-20,0
2012-09-21,0
2012-09-22,36
2012-09-23,48
2012-09-24,20
2012-09-25,28
2012-09-26,26
2012-09-27,10
2012-09-28,3
2012-09-29,25
2012-09-30,45
2012-10-01,37
2012-10-02,29
2012-10-03,27
2012-10-04,10
2012-10-05,8
2012-10-06,25
2012-10-07,42
2012-10-08,13
2012-10-09,22
2012-10-10,26
2012-10-11,9
2012-10-12,4
2012-10-13,17
2012-10-14,32
2012-10-15,19
2012-10-16,12
2012-10-17,21
2012-10-18,11
2012-10-19,5
2012-10-20,22
2012-10-21,30
2012-10-22,15
2012-10-23,22
2012-10-24,10
2012-10-25,10
2012-10-26,5
2012-10-27,44
2012-10-28,35
2012-10-29,10
2012-10-30,15
2012-10-31,8
2012-11-01,15
2012-11-02,5
2012-11-03,38
2012-11-04,37
2012-11-05,16
2012-11-06,15
2012-11-07,13
2012-11-08,14
2012-11-09,4
2012-11-10,10
2012-11-11,34
2012-11-12,15
2012-11-13,15
2012-11-14,15
2012-11-15,10
2012-11-16,6
2012-11-17,20
2012-11-18,22
2012-11-19,19
2012-11-20,23
2012-11-21,16
2012-11-22,0
2012-11-23,5
2012-11-24,31
2012-11-25,28
2012-11-26,19
2012-11-27,9
2012-11-28,19
2012-11-29,11
2012-11-30,9
2012-12-01,45
2012-12-02,32
2012-12-03,18
2012-12-04,19
2012-12-05,15
2012-12-06,8
2012-12-07,6
2012-12-08,33
2012-12-09,23
2012-12-10,7
2012-12-11,11
2012-12-12,26
2012-12-13,5
2012-12-14,4
2012-12-15,14
2012-12-16,23
2012-12-17,12
2012-12-18,10
2012-12-19,11
2012-12-20,14
2012-12-21,8
2012-12-22,33
2012-12-23,33
2012-12-24,6
2012-12-25,0
2012-12-26,37
2012-12-27,33
2012-12-28,12
2012-12-29,43
2012-12-30,16
2012-12-31,6
2013-01-01,0
2013-01-02,36
2013-01-03,14
2013-01-04,10
2013-01-05,32
2013-01-06,40
2013-01-07,12
2013-01-08,17
2013-01-09,17
2013-01-10,19
2013-01-11,9
2013-01-12,37
2013-01-13,52
2013-01-14,3
2013-01-15,9
2013-01-16,13
2013-01-17,12
2013-01-18,3
2013-01-19,51
2013-01-20,53
2013-01-21,14
2013-01-22,8
2013-01-23,17
2013-01-24,13
2013-01-25,5
2013-01-26,29
2013-01-27,49
2013-01-28,8
2013-01-29,23
2013-01-30,17
2013-01-31,11
2013-02-01,6
2013-02-02,46
2013-02-03,54
2013-02-04,11
2013-02-05,20
2013-02-06,16
2013-02-07,16
2013-02-08,5
2013-02-09,40
2013-02-10,54
2013-02-11,10
2013-02-12,10
2013-02-13,10
2013-02-14,8
2013-02-15,2
2013-02-16,53
2013-02-17,33
2013-02-18,21
2013-02-19,20
2013-02-20,28
2013-02-21,7
2013-02-22,6
2013-02-23,30
2013-02-24,50
2013-02-25,13
2013-02-26,11
2013-02-27,4
2013-02-28,19
2013-03-01,4
2013-03-02,59
2013-03-03,63
2013-03-04,18
2013-03-05,9
2013-03-06,22
2013-03-07,29
2013-03-08,8
2013-03-09,64
2013-03-10,71
2013-03-11,73
2013-03-12,101
2013-03-13,79
2013-03-14,86
2013-03-15,5
2013-03-16,94
2013-03-17,87
2013-03-18,35
2013-03-19,33
2013-03-20,40
2013-03-21,44
2013-03-22,2
2013-03-23,46
2013-03-24,51
2013-03-25,21
2013-03-26,44
2013-03-27,24
2013-03-28,25
2013-03-29,5
2013-03-30,40
2013-03-31,0
2013-04-01,43
2013-04-02,43
2013-04-03,32
2013-04-04,23
2013-04-05,7
2013-04-06,90
2013-04-07,76
2013-04-08,35
2013-04-09,22
2013-04-10,40
2013-04-11,24
2013-04-12,8
2013-04-13,83
2013-04-14,79
2013-04-15,38
2013-04-16,31
2013-04-17,26
2013-04-18,17
2013-04-19,8
2013-04-20,55
2013-04-21,94
2013-04-22,43
2013-04-23,6
2013-04-24,35
2013-04-25,18
2013-04-26,7
2013-04-27,94
2013-04-28,131
2013-04-29,48
2013-04-30,42
2013-05-01,52
2013-05-02,35
2013-05-03,4
2013-05-04,102
2013-05-05,96
2013-05-06,19
2013-05-07,32
2013-05-08,9
2013-05-09,33
2013-05-10,3
2013-05-11,66
2013-05-12,92
2013-05-13,44
2013-05-14,20
2013-05-15,48
2013-05-16,50
2013-05-17,3
2013-05-18,78
2013-05-19,108
2013-05-20,46
2013-05-21,42
2013-05-22,62
2013-05-23,122
2013-05-24,7
2013-05-25,131
2013-05-26,0
2013-05-27,182
2013-05-28,201
2013-05-29,140
2013-05-30,194
2013-05-31,159
2013-06-01,158
2013-06-02,52
2013-06-03,179
2013-06-04,170
2013-06-05,143
2013-06-06,180
2013-06-07,125
2013-06-08,183
2013-06-09,55
2013-06-10,155
2013-06-11,228
2013-06-12,143
2013-06-13,97
2013-06-14,139
2013-06-15,158
2013-06-16,57
2013-06-17,183
2013-06-18,144
2013-06-19,168
2013-06-20,166
2013-06-21,124
2013-06-22,152
2013-06-23,53
2013-06-24,158
2013-06-25,132
2013-06-26,199
2013-06-27,189
2013-06-28,141
2013-06-29,0
2013-06-30,0
2013-07-01,96
2013-07-02,117
2013-07-03,113
2013-07-04,104
2013-07-05,102
2013-07-06,58
2013-07-07,71
2013-07-08,132
2013-07-09,117
2013-07-10,147
2013-07-11,87
2013-07-12,85
2013-07-13,131
2013-07-14,43
2013-07-15,86
2013-07-16,87
2013-07-17,144
2013-07-18,106
2013-07-19,70
2013-07-20,61
2013-07-21,67
2013-07-22,84
2013-07-23,103
2013-07-24,81
2013-07-25,66
2013-07-26,70
2013-07-27,75
2013-07-28,58
2013-07-29,99
2013-07-30,130
2013-07-31,110
2013-08-01,111
2013-08-02,77
2013-08-03,72
2013-08-04,44
2013-08-05,111
2013-08-06,140
2013-08-07,94
2013-08-08,91
2013-08-09,72
2013-08-10,55
2013-08-11,25
2013-08-12,37
2013-08-13,30
2013-08-14,30
2013-08-15,28
2013-08-16,9
2013-08-17,101
2013-08-18,102
2013-08-19,24
2013-08-20,5
2013-08-21,37
2013-08-22,46
2013-08-23,5
2013-08-24,63
2013-08-25,80
2013-08-26,29
2013-08-27,25
2013-08-28,41
2013-08-29,13
2013-08-30,10
2013-08-31,80
2013-09-01,115
2013-09-02,27
2013-09-03,15
2013-09-04,11
2013-09-05,21
2013-09-06,3
2013-09-07,66
2013-09-08,76
2013-09-09,17
2013-09-10,8
2013-09-11,22
2013-09-12,16
2013-09-13,4
2013-09-14,26
2013-09-15,48
2013-09-16,32
2013-09-17,24
2013-09-18,18
2013-09-19,11
2013-09-20,3
2013-09-21,35
2013-09-22,40
2013-09-23,17
2013-09-24,17
2013-09-25,27
2013-09-26,17
2013-09-27,9
2013-09-28,26
2013-09-29,31
2013-09-30,22
2013-10-01,17
2013-10-02,16
2013-10-03,18
2013-10-04,5
2013-10-05,17
2013-10-06,21
2013-10-07,22
2013-10-08,12
2013-10-09,28
2013-10-10,24
2013-10-11,4
2013-10-12,46
2013-10-13,19
2013-10-14,21
2013-10-15,15
2013-10-16,40
2013-10-17,20
2013-10-18,14
2013-10-19,28
2013-10-20,44
2013-10-21,19
2013-10-22,22
2013-10-23,20
2013-10-24,22
2013-10-25,6
2013-10-26,26
2013-10-27,25
2013-10-28,20
2013-10-29,24
2013-10-30,15
2013-10-31,16
2013-11-01,7
2013-11-02,35
2013-11-03,26
2013-11-04,14
2013-11-05,18
2013-11-06,15
2013-11-07,17
2013-11-08,6
2013-11-09,21
2013-11-10,34
2013-11-11,14
2013-11-12,19
2013-11-13,17
2013-11-14,17
2013-11-15,5
2013-11-16,31
2013-11-17,34
2013-11-18,10
2013-11-19,23
2013-11-20,6
2013-11-21,12
2013-11-22,4
2013-11-23,37
2013-11-24,15
2013-11-25,8
2013-11-26,14
2013-11-27,15
2013-11-28,0
2013-11-29,13
2013-11-30,22
2013-12-01,22
2013-12-02,14
2013-12-03,23
2013-12-04,13
2013-12-05,0
2013-12-06,6
2013-12-07,34
2013-12-08,23
2013-12-09,4
2013-12-10,16
2013-12-11,16
2013-12-12,11
2013-12-13,10
2013-12-14,26
2013-12-15,25
2013-12-16,16
2013-12-17,20
2013-12-18,12
2013-12-19,17
2013-12-20,7
2013-12-21,21
2013-12-22,26
2013-12-23,20
2013-12-24,7
2013-12-25,0
2013-12-26,24
2013-12-27,10
2013-12-28,36
2013-12-29,54
2013-12-30,24
2013-12-31,11
2014-01-01,0
2014-01-02,40
2014-01-03,5
2014-01-04,34
2014-01-05,47
2014-01-06,25
2014-01-07,17
2014-01-08,30
2014-01-09,11
2014-01-10,8
2014-01-11,33
2014-01-12,50
2014-01-13,9
2014-01-14,24
2014-01-15,18
2014-01-16,16
2014-01-17,6
2014-01-18,53
2014-01-19,49
2014-01-20,12
2014-01-21,26
2014-01-22,20
2014-01-23,20
2014-01-24,8
2014-01-25,70
2014-01-26,48
2014-01-27,13
2014-01-28,27
2014-01-29,14
2014-01-30,27
2014-01-31,9
2014-02-01,44
2014-02-02,39
2014-02-03,17
2014-02-04,25
2014-02-05,9
2014-02-06,13
2014-02-07,7
2014-02-08,48
2014-02-09,51
2014-02-10,22
2014-02-11,21
2014-02-12,15
2014-02-13,13
2014-02-14,3
2014-02-15,69
2014-02-16,86
2014-02-17,33
2014-02-18,37
2014-02-19,21
2014-02-20,22
2014-02-21,4
2014-02-22,59
2014-02-23,69
2014-02-24,17
2014-02-25,28
2014-02-26,12
2014-02-27,34
2014-02-28,2
2014-03-01,44
2014-03-02,58
2014-03-03,29
2014-03-04,30
2014-03-05,19
2014-03-06,26
2014-03-07,92
2014-03-08,40
2014-03-09,88
2014-03-10,25
2014-03-11,41
2014-03-12,23
2014-03-13,29
2014-03-14,97
2014-03-15,39
2014-03-16,77
2014-03-17,31
2014-03-18,26
2014-03-19,13
2014-03-20,37
2014-03-21,3
2014-03-22,31
2014-03-23,103
2014-03-24,36
2014-03-25,30
2014-03-26,23
2014-03-27,26
2014-03-28,86
2014-03-29,79
2014-03-30,72
2014-03-31,23
2014-04-01,29
2014-04-02,20
2014-04-03,28
2014-04-04,6
2014-04-05,54
2014-04-06,86
2014-04-07,42
2014-04-08,51
2014-04-09,58
2014-04-10,34
2014-04-11,101
2014-04-12,68
2014-04-13,84
2014-04-14,39
2014-04-15,84
2014-04-16,75
2014-04-17,53
2014-04-18,8
2014-04-19,57
2014-04-20,0
2014-04-21,40
2014-04-22,43
2014-04-23,54
2014-04-24,34
2014-04-25,135
2014-04-26,80
2014-04-27,72
2014-04-28,37
2014-04-29,33
2014-04-30,22
2014-05-01,25
2014-05-02,73
2014-05-03,88
2014-05-04,120
2014-05-05,49
2014-05-06,46
2014-05-07,25
2014-05-08,18
2014-05-09,8
2014-05-10,79
2014-05-11,32
2014-05-12,20
2014-05-13,22
2014-05-14,20
2014-05-15,26
2014-05-16,4
2014-05-17,140
2014-05-18,145
2014-05-19,71
2014-05-20,48
2014-05-21,40
2014-05-22,69
2014-05-23,4
2014-05-24,55
2014-05-25,33
2014-05-26,94
2014-05-27,206
2014-05-28,241
2014-05-29,164
2014-05-30,87
2014-05-31,147
2014-06-01,69
2014-06-02,204
2014-06-03,253
2014-06-04,167
2014-06-05,197
2014-06-06,174
2014-06-07,131
2014-06-08,74
2014-06-09,179
2014-06-10,162
2014-06-11,198
2014-06-12,126
2014-06-13,95
2014-06-14,99
2014-06-15,30
2014-06-16,150
2014-06-17,122
2014-06-18,105
2014-06-19,186
2014-06-20,84
2014-06-21,128
2014-06-22,72
2014-06-23,174
2014-06-24,122
2014-06-25,173
2014-06-26,163
2014-06-27,97
2014-06-28,122
2014-06-29,70
2014-06-30,159
2014-07-01,142
2014-07-02,147
2014-07-03,144
2014-07-04,23
2014-07-05,91
2014-07-06,70
2014-07-07,140
2014-07-08,121
2014-07-09,110
2014-07-10,134
2014-07-11,95
2014-07-12,133
2014-07-13,40
2014-07-14,118
2014-07-15,83
2014-07-16,87
2014-07-17,116
2014-07-18,101
2014-07-19,134
2014-07-20,46
2014-07-21,155
2014-07-22,147
2014-07-23,124
2014-07-24,164
2014-07-25,126
2014-07-26,116
2014-07-27,55
2014-07-28,92
2014-07-29,93
2014-07-30,106
2014-07-31,84
2014-08-01,58
2014-08-02,78
2014-08-03,35
2014-08-04,93
2014-08-05,196
2014-08-06,128
2014-08-07,131
2014-08-08,78
2014-08-09,66
2014-08-10,31
2014-08-11,27
2014-08-12,43
2014-08-13,28
2014-08-14,25
2014-08-15,7
2014-08-16,61
2014-08-17,132
2014-08-18,30
2014-08-19,24
2014-08-20,35
2014-08-21,38
2014-08-22,12
2014-08-23,46
2014-08-24,103
2014-08-25,22
2014-08-26,68
2014-08-27,15
2014-08-28,21
2014-08-29,8
2014-08-30,53
2014-08-31,84
2014-09-01,56
2014-09-02,21
2014-09-03,0
2014-09-04,0
2014-09-05,0
2014-09-06,0
2014-09-07,44
2014-09-08,26
2014-09-09,22
2014-09-10,13
2014-09-11,21
2014-09-12,11
2014-09-13,23
2014-09-14,40
2014-09-15,10
2014-09-16,8
2014-09-17,22
2014-09-18,21
2014-09-19,13
2014-09-20,67
2014-09-21,34
2014-09-22,6
2014-09-23,20
2014-09-24,14
2014-09-25,30
2014-09-26,12
2014-09-27,54
2014-09-28,52
2014-09-29,19
2014-09-30,19
2014-10-01,8
2014-10-02,9
2014-10-03,5
2014-10-04,28
2014-10-05,49
2014-10-06,18
2014-10-07,16
2014-10-08,17
2014-10-09,26
2014-10-10,4
2014-10-11,25
2014-10-12,37
2014-10-13,42
2014-10-14,16
2014-10-15,28
2014-10-16,38
2014-10-17,4
2014-10-18,39
2014-10-19,41
2014-10-20,12
2014-10-21,37
2014-10-22,27
2014-10-23,17
2014-10-24,3
2014-10-25,35
2014-10-26,30
2014-10-27,15
2014-10-28,9
2014-10-29,18
2014-10-30,18
2014-10-31,7
2014-11-01,46
2014-11-02,28
2014-11-03,13
2014-11-04,15
2014-11-05,8
2014-11-06,11
2014-11-07,6
2014-11-08,35
2014-11-09,38
2014-11-10,23
2014-11-11,22
2014-11-12,19
2014-11-13,18
2014-11-14,7
2014-11-15,21
2014-11-16,58
2014-11-17,16
2014-11-18,14
2014-11-19,23
2014-11-20,14
2014-11-21,8
2014-11-22,19
2014-11-23,38
2014-11-24,17
2014-11-25,13
2014-11-26,9
2014-11-27,0
2014-11-28,8
2014-11-29,35
2014-11-30,25
2014-12-01,15
2014-12-02,10
2014-12-03,11
2014-12-04,15
2014-12-05,8
2014-12-06,29
2014-12-07,48
2014-12-08,13
2014-12-09,13
2014-12-10,10
2014-12-11,14
2014-12-12,7
2014-12-13,28
2014-12-14,22
2014-12-15,13
2014-12-16,15
2014-12-17,6
2014-12-18,23
2014-12-19,10
2014-12-20,31
2014-12-21,28
2014-12-22,40
2014-12-23,16
2014-12-24,15
2014-12-25,0
2014-12-26,5
2014-12-27,29
2014-12-28,28
2014-12-29,9
2014-12-30,0
2014-12-31,0
2015-01-01,0
2015-01-02,6
2015-01-03,34
2015-01-04,32
2015-01-05,16
2015-01-06,11
2015-01-07,11
2015-01-08,13
2015-01-09,6
2015-01-10,35
2015-01-11,42
2015-01-12,17
2015-01-13,15
2015-01-14,12
2015-01-15,14
2015-01-16,20
2015-01-17,31
2015-01-18,38
2015-01-19,9
2015-01-20,12
2015-01-21,4
2015-01-22,6
2015-01-23,0
2015-01-24,31
2015-01-25,35
2015-01-26,11
2015-01-27,11
2015-01-28,19
2015-01-29,5
2015-01-30,0
2015-01-31,36
2015-02-01,40
2015-02-02,7
2015-02-03,18
2015-02-04,12
2015-02-05,10
2015-02-06,4
2015-02-07,60
2015-02-08,80
2015-02-09,17
2015-02-10,22
2015-02-11,40
2015-02-12,21
2015-02-13,1
2015-02-14,18
2015-02-15,60
2015-02-16,22
2015-02-17,26
2015-02-18,11
2015-02-19,14
2015-02-20,5
2015-02-21,47
2015-02-22,34
2015-02-23,12
2015-02-24,17
2015-02-25,14
2015-02-26,28
2015-02-27,0
2015-02-28,0
2015-03-01,36
2015-03-02,23
2015-03-03,25
2015-03-04,17
2015-03-05,20
2015-03-06,10
2015-03-07,43
2015-03-08,71
2015-03-09,22
2015-03-10,24
2015-03-11,19
2015-03-12,22
2015-03-13,8
2015-03-14,52
2015-03-15,63
2015-03-16,32
2015-03-17,19
2015-03-18,27
2015-03-19,18
2015-03-20,11
2015-03-21,65
2015-03-22,57
2015-03-23,37
2015-03-24,25
2015-03-25,34
2015-03-26,27
2015-03-27,9
2015-03-28,61
2015-03-29,131
2015-03-30,74
2015-03-31,73
2015-04-01,99
2015-04-02,80
2015-04-03,15
2015-04-04,78
2015-04-05,0
2015-04-06,43
2015-04-07,17
2015-04-08,26
2015-04-09,37
2015-04-10,7
2015-04-11,112
2015-04-12,59
2015-04-13,27
2015-04-14,26
2015-04-15,5
2015-04-16,0
2015-04-17,0
2015-04-18,50
2015-04-19,68
2015-04-20,32
2015-04-21,28
2015-04-22,30
2015-04-23,0
2015-04-24,6
2015-04-25,40
2015-04-26,65
2015-04-27,31
2015-04-28,32
2015-04-29,48
2015-04-30,32
2015-05-01,9
2015-05-02,72
2015-05-03,152
2015-05-04,16
2015-05-05,24
2015-05-06,24
2015-05-07,37
2015-05-08,8
2015-05-09,54
2015-05-10,22
2015-05-11,35
2015-05-12,32
2015-05-13,31
2015-05-14,26
2015-05-15,4
2015-05-16,77
2015-05-17,77
2015-05-18,15
2015-05-19,50
2015-05-20,63
2015-05-21,15
2015-05-22,9
2015-05-23,86
2015-05-24,55
2015-05-25,85
2015-05-26,105
2015-05-27,125
2015-05-28,157
2015-05-29,213
2015-05-30,131
2015-05-31,87
2015-06-01,171
2015-06-02,147
2015-06-03,156
2015-06-04,174
2015-06-05,158
2015-06-06,103
2015-06-07,43
2015-06-08,157
2015-06-09,155
2015-06-10,172
2015-06-11,146
2015-06-12,106
2015-06-13,117
2015-06-14,52
2015-06-15,140
2015-06-16,170
2015-06-17,165
2015-06-18,180
2015-06-19,161
2015-06-20,175
2015-06-21,71
2015-06-22,163
2015-06-23,172
2015-06-24,185
2015-06-25,142
2015-06-26,93
2015-06-27,151
2015-06-28,70
2015-06-29,141
2015-06-30,133
2015-07-01,118
2015-07-02,99
2015-07-03,72
2015-07-04,67
2015-07-05,55
2015-07-06,140
2015-07-07,106
2015-07-08,97
2015-07-09,126
2015-07-10,158
2015-07-11,74
2015-07-12,50
2015-07-13,83
2015-07-14,107
2015-07-15,103
2015-07-16,109
2015-07-17,147
2015-07-18,72
2015-07-19,64
2015-07-20,84
2015-07-21,100
2015-07-22,124
2015-07-23,128
2015-07-24,94
2015-07-25,79
2015-07-26,57
2015-07-27,103
2015-07-28,116
2015-07-29,67
2015-07-30,80
2015-07-31,72
2015-08-01,142
2015-08-02,39
2015-08-03,63
2015-08-04,113
2015-08-05,78
2015-08-06,69
2015-08-07,57
2015-08-08,70
2015-08-09,49
2015-08-10,25
2015-08-11,45
2015-08-12,43
2015-08-13,25
2015-08-14,7
2015-08-15,115
2015-08-16,124
2015-08-17,25
2015-08-18,31
2015-08-19,35
2015-08-20,19
2015-08-21,8
2015-08-22,50
2015-08-23,81
2015-08-24,39
2015-08-25,18
2015-08-26,4
2015-08-27,39
2015-08-28,2
2015-08-29,87
2015-08-30,89
2015-08-31,6
2015-09-01,32
2015-09-02,19
2015-09-03,37
2015-09-04,7
2015-09-05,43
2015-09-06,81
2015-09-07,14
2015-09-08,35
2015-09-09,18
2015-09-10,31
2015-09-11,1
2015-09-12,64
2015-09-13,54
2015-09-14,20
2015-09-15,30
2015-09-16,11
2015-09-17,27
2015-09-18,4
2015-09-19,31
2015-09-20,59
2015-09-21,21
2015-09-22,17
2015-09-23,20
2015-09-24,14
2015-09-25,7
2015-09-26,50
2015-09-27,39
2015-09-28,27
2015-09-29,21
2015-09-30,28
2015-10-01,22
2015-10-02,23
2015-10-03,45
2015-10-04,36
2015-10-05,26
2015-10-06,14
2015-10-07,34
2015-10-08,34
2015-10-09,5
2015-10-10,29
2015-10-11,39
2015-10-12,26
2015-10-13,22
2015-10-14,25
2015-10-15,29
2015-10-16,2
2015-10-17,37
2015-10-18,44
2015-10-19,21
2015-10-20,13
2015-10-21,17
2015-10-22,18
2015-10-23,8
2015-10-24,21
2015-10-25,37
2015-10-26,19
2015-10-27,16
2015-10-28,17
2015-10-29,11
2015-10-30,5
2015-10-31,18
2015-11-01,64
2015-11-02,21
2015-11-03,28
2015-11-04,16
2015-11-05,21
2015-11-06,8
2015-11-07,18
2015-11-08,39
2015-11-09,17
2015-11-10,19
2015-11-11,10
2015-11-12,17
2015-11-13,6
2015-11-14,39
2015-11-15,26
2015-11-16,8
2015-11-17,12
2015-11-18,12
2015-11-19,14
2015-11-20,7
2015-11-21,55
2015-11-22,40
2015-11-23,15
2015-11-24,17
2015-11-25,12
2015-11-26,0
2015-11-27,7
2015-11-28,37
2015-11-29,28
2015-11-30,10
2015-12-01,18
2015-12-02,14
2015-12-03,17
2015-12-04,3
2015-12-05,43
2015-12-06,56
2015-12-07,18
2015-12-08,11
2015-12-09,12
2015-12-10,18
2015-12-11,6
2015-12-12,36
2015-12-13,20
2015-12-14,11
2015-12-15,21
2015-12-16,23
2015-12-17,27
2015-12-18,17
2015-12-19,25
2015-12-20,31
2015-12-21,19
2015-12-22,22
2015-12-23,37
2015-12-24,16
2015-12-25,0
2015-12-26,29
2015-12-27,0
2015-12-28,16
2015-12-29,32
2015-12-30,15
2015-12-31,16
2016-01-01,0
2016-01-02,16
2016-01-03,32
2016-01-04,19
2016-01-05,14
2016-01-06,18
2016-01-07,17
2016-01-08,3
2016-01-09,28
2016-01-10,29
2016-01-11,13
2016-01-12,12
2016-01-13,20
2016-01-14,20
2016-01-15,6
2016-01-16,45
2016-01-17,49
2016-01-18,15
2016-01-19,15
2016-01-20,14
2016-01-21,10
2016-01-22,7
2016-01-23,69
2016-01-24,75
2016-01-25,14
2016-01-26,20
2016-01-27,22
2016-01-28,18
2016-01-29,4
2016-01-30,27
2016-01-31,47
2016-02-01,19
2016-02-02,17
2016-02-03,25
2016-02-04,17
2016-02-05,8
2016-02-06,46
2016-02-07,34
2016-02-08,21
2016-02-09,20
2016-02-10,21
2016-02-11,20
2016-02-12,3
2016-02-13,34
2016-02-14,43
2016-02-15,28
2016-02-16,33
2016-02-17,40
2016-02-18,16
2016-02-19,4
2016-02-20,45
2016-02-21,86
2016-02-22,16
2016-02-23,11
2016-02-24,13
2016-02-25,30
2016-02-26,5
2016-02-27,55
2016-02-28,58
2016-02-29,33
2016-03-01,37
2016-03-02,15
2016-03-03,21
2016-03-04,9
2016-03-05,54
2016-03-06,68
2016-03-07,42
2016-03-08,42
2016-03-09,26
2016-03-10,22
2016-03-11,3
2016-03-12,19
2016-03-13,63
2016-03-14,24
2016-03-15,27
2016-03-16,18
2016-03-17,29
2016-03-18,5
2016-03-19,43
2016-03-20,69
2016-03-21,37
2016-03-22,32
2016-03-23,30
2016-03-24,29
2016-03-25,7
2016-03-26,16
2016-03-27,0
2016-03-28,49
2016-03-29,39
2016-03-30,73
2016-03-31,57
2016-04-01,8
2016-04-02,79
2016-04-03,91
2016-04-04,27
2016-04-05,25
2016-04-06,52
2016-04-07,20
2016-04-08,9
2016-04-09,68
2016-04-10,67
2016-04-11,53
2016-04-12,22
2016-04-13,37
2016-04-14,46
2016-04-15,7
2016-04-16,39
2016-04-17,61
2016-04-18,28
2016-04-19,29
2016-04-20,42
2016-04-21,17
2016-04-22,6
2016-04-23,55
2016-04-24,132
2016-04-25,28
2016-04-26,24
2016-04-27,26
2016-04-28,18
2016-04-29,9
2016-04-30,68
2016-05-01,70
2016-05-02,8
2016-05-03,44
2016-05-04,25
2016-05-05,32
2016-05-06,7
2016-05-07,83
2016-05-08,34
2016-05-09,30
2016-05-10,41
2016-05-11,32
2016-05-12,21
2016-05-13,2
2016-05-14,118
2016-05-15,127
2016-05-16,50
2016-05-17,26
2016-05-18,34
2016-05-19,28
2016-05-20,7
2016-05-21,118
2016-05-22,234
2016-05-23,56
2016-05-24,57
2016-05-25,100
2016-05-26,105
2016-05-27,5
2016-05-28,102
2016-05-29,116
2016-05-30,131
2016-05-31,77
2016-06-01,106
2016-06-02,159
2016-06-03,154
2016-06-04,104
2016-06-05,79
2016-06-06,144
2016-06-07,225
2016-06-08,190
2016-06-09,173
2016-06-10,182
2016-06-11,94
2016-06-12,75
2016-06-13,123
2016-06-14,185
2016-06-15,111
2016-06-16,126
2016-06-17,147
2016-06-18,110
2016-06-19,45
2016-06-20,153
2016-06-21,173
2016-06-22,149
2016-06-23,124
2016-06-24,142
2016-06-25,107
2016-06-26,45
2016-06-27,159
2016-06-28,135
2016-06-29,149
2016-06-30,67
2016-07-01,106
2016-07-02,98
2016-07-03,49
2016-07-04,61
2016-07-05,98
2016-07-06,159
2016-07-07,183
2016-07-08,116
2016-07-09,142
2016-07-10,80
2016-07-11,161
2016-07-12,169
2016-07-13,134
2016-07-14,138
2016-07-15,190
2016-07-16,152
2016-07-17,65
2016-07-18,110
2016-07-19,134
2016-07-20,104
2016-07-21,127
2016-07-22,118
2016-07-23,158
2016-07-24,53
2016-07-25,120
2016-07-26,134
2016-07-27,123
2016-07-28,159
2016-07-29,136
2016-07-30,144
2016-07-31,64
2016-08-01,130
2016-08-02,86
2016-08-03,121
2016-08-04,79
2016-08-05,85
2016-08-06,76
2016-08-07,47
2016-08-08,37
2016-08-09,51
2016-08-10,36
2016-08-11,20
2016-08-12,7
2016-08-13,132
2016-08-14,137
2016-08-15,29
2016-08-16,21
2016-08-17,45
2016-08-18,26
2016-08-19,9
2016-08-20,98
2016-08-21,86
2016-08-22,12
2016-08-23,18
2016-08-24,36
2016-08-25,35
2016-08-26,8
2016-08-27,68
2016-08-28,80
2016-08-29,31
2016-08-30,23
2016-08-31,13
2016-09-01,19
2016-09-02,7
2016-09-03,79
2016-09-04,79
2016-09-05,8
2016-09-06,11
2016-09-07,13
2016-09-08,22
2016-09-09,6
2016-09-10,47
2016-09-11,78
2016-09-12,2
2016-09-13,17
2016-09-14,23
2016-09-15,16
2016-09-16,4
2016-09-17,60
2016-09-18,55
2016-09-19,19
2016-09-20,11
2016-09-21,14
2016-09-22,18
2016-09-23,10
2016-09-24,37
2016-09-25,44
2016-09-26,17
2016-09-27,22
2016-09-28,27
2016-09-29,26
2016-09-30,5
2016-10-01,31
2016-10-02,68
2016-10-03,14
2016-10-04,17
2016-10-05,19
2016-10-06,9
2016-10-07,6
2016-10-08,31
2016-10-09,46
2016-10-10,17
2016-10-11,8
2016-10-12,21
2016-10-13,8
2016-10-14,4
2016-10-15,53
2016-10-16,80
2016-10-17,6
2016-10-18,14
2016-10-19,16
2016-10-20,12
2016-10-21,1
2016-10-22,38
2016-10-23,55
2016-10-24,14
2016-10-25,11
2016-10-26,8
2016-10-27,11
2016-10-28,4
2016-10-29,65
2016-10-30,62
2016-10-31,3
2016-11-01,18
2016-11-02,11
2016-11-03,10
2016-11-04,2
2016-11-05,38
2016-11-06,31
2016-11-07,10
2016-11-08,13
2016-11-09,14
2016-11-10,7
2016-11-11,11
2016-11-12,33
2016-11-13,38
2016-11-14,8
2016-11-15,6
2016-11-16,34
2016-11-17,7
2016-11-18,5
2016-11-19,33
2016-11-20,25
2016-11-21,2
2016-11-22,14
2016-11-23,14
2016-11-24,0
2016-11-25,6
2016-11-26,28
2016-11-27,43
2016-11-28,2
2016-11-29,15
2016-11-30,4
2016-12-01,7
2016-12-02,3
2016-12-03,8
2016-12-04,28
2016-12-05,10
2016-12-06,13
2016-12-07,4
2016-12-08,4
2016-12-09,3
2016-12-10,21
2016-12-11,29
2016-12-12,1
2016-12-13,11
2016-12-14,13
2016-12-15,6
2016-12-16,3
2016-12-17,14
2016-12-18,28
2016-12-19,2
2016-12-20,15
2016-12-21,10
2016-12-22,10
2016-12-23,25
2016-12-24,0
2016-12-25,0
2016-12-26,11
2016-12-27,12
2016-12-28,17
2016-12-29,27
2016-12-30,3
2016-12-31,0
